time_stamp,clicks,cart,purchase,favorite
511,0,62,9597,10385
512,0,89,10421,10194
513,0,84,12601,11045
514,0,107,12671,11610
515,0,90,12220,11803
516,0,83,11786,11153
517,0,71,10843,10532
518,0,69,8912,10262
519,0,66,8715,9649
520,201873,101,12063,11161
521,210106,89,12699,11250
522,231128,81,14387,11921
523,213944,97,14291,11269
524,197311,77,12288,11072
525,172359,97,10519,10590
526,168423,80,10165,10237
527,187298,92,11410,10408
528,191653,80,12141,10627
529,185376,99,11359,10426
530,173879,82,10560,9730
531,166176,54,9831,9587
601,154937,70,9223,9042
602,144602,77,8737,9179
603,174664,94,10601,9907
604,181225,83,10956,10007
605,176633,71,10772,9949
606,179803,62,10542,10080
607,171985,87,10186,9647
608,160743,70,8872,9448
609,163017,77,8617,9186
610,133307,66,7306,8471
611,130611,74,6931,8474
612,119735,60,6838,8163
613,167777,75,9279,11184
614,163194,69,8977,11419
615,152827,82,8289,10803
616,160085,80,7846,11861
617,301007,140,25801,12897
618,240737,109,14350,10964
619,182321,97,10720,10175
620,179078,95,9684,10573
621,171239,93,9357,10605
622,164164,89,7657,11824
623,162090,80,6881,11600
624,198566,95,9328,12406
625,245870,148,7667,15007
626,506003,173,26548,18235
627,298088,144,14542,13542
628,269789,104,14060,11924
629,137290,93,7448,8360
630,124510,68,7570,7600
701,146385,77,8960,8523
702,147027,60,9280,9042
703,149922,80,10348,8384
704,144661,87,10030,8649
705,133847,77,8579,8118
706,115050,62,7291,7518
707,114433,82,7646,7680
708,137098,65,10237,8210
709,148933,74,9887,8631
710,143904,68,10318,8206
711,144328,82,9711,8632
712,137103,64,8392,8784
713,118460,76,7398,7958
714,116531,66,7447,8037
715,169911,77,11928,9670
716,154206,59,9950,9236
717,151605,95,9621,9278
718,162225,77,12283,9120
719,130936,91,8049,8488
720,117252,81,6597,7561
721,121726,82,7176,8083
722,179279,83,11524,9815
723,162216,67,10325,9218
724,152195,86,9882,9266
725,153711,87,9638,8956
726,135237,75,8682,8474
727,112100,82,7017,7544
728,109849,85,7224,7389
729,141905,80,9200,8755
730,142101,86,9275,8849
731,140440,84,8932,8844
801,139986,72,10087,8356
802,123213,70,8030,7927
803,108532,78,6962,7304
804,104968,92,6845,7190
805,130356,71,9026,8604
806,139146,93,9770,8512
807,135666,89,9135,9014
808,130336,83,8180,8793
809,128400,79,8308,8932
810,110879,82,6922,8209
811,115335,86,7443,8626
812,148203,76,10262,10014
813,154249,115,11117,9091
814,168588,101,9262,9937
815,157914,119,9221,9929
816,145851,90,8926,9297
817,123261,102,7313,8957
818,120328,80,8070,8972
819,153335,102,10587,10076
820,152685,75,9561,10771
821,159377,98,9381,11805
822,183720,103,11626,12066
823,155659,118,8842,11393
824,130496,79,7556,10028
825,145291,104,9025,10486
826,169309,103,11286,12158
827,182692,140,9693,12553
828,286762,177,16738,14226
829,169460,131,10618,11455
830,162362,118,10455,10860
831,144850,110,9474,10680
901,151490,131,10111,11241
902,187022,128,11964,13817
903,191551,143,12507,13902
904,203061,164,13143,14753
905,212741,212,13503,15286
906,196757,150,12478,14651
907,179180,158,10768,14921
908,179688,161,10871,15537
909,314718,209,30908,17689
910,201610,136,14112,13424
911,187721,165,12628,13177
912,180930,169,10631,13216
913,172448,147,10890,11694
914,147842,145,8723,11336
915,145911,137,8995,11397
916,179174,128,12618,12560
917,169732,129,10466,11775
918,157777,151,9499,11127
919,123492,132,7209,10165
920,145749,132,8377,11924
921,163439,150,9336,13218
922,205232,167,11476,13706
923,226534,218,14261,15751
924,220105,187,13565,15537
925,253791,210,19067,16424
926,223587,194,14953,15071
927,206564,223,13301,14415
928,169624,211,11002,13483
929,189653,176,11065,13146
930,170185,160,9620,12558
1001,143377,163,8468,11559
1002,143255,153,8425,11835
1003,146353,164,8964,12122
1004,149670,171,9394,10974
1005,162035,144,10280,12545
1006,178624,206,11245,13771
1007,194894,216,12585,15317
1008,230644,210,15895,17023
1009,224453,192,15795,16374
1010,215143,228,14534,15579
1011,206916,204,14730,15812
1012,196539,208,12446,14630
1013,175496,231,11426,14147
1014,245241,239,16878,17741
1015,243739,265,15773,18196
1016,270113,327,17770,20212
1017,264009,335,17019,21836
1018,261284,305,18188,21066
1019,223447,325,13766,19640
1020,225094,331,13892,19354
1021,297475,388,20155,22818
1022,276384,354,16567,23234
1023,277680,369,16792,23838
1024,280960,394,16005,23687
1025,289911,371,16910,22801
1026,242769,354,12702,22854
1027,251298,445,13266,23706
1028,323357,493,17082,27513
1029,322966,530,15450,27847
1030,477619,1328,16794,40958
1031,484100,1477,13648,40949
1101,518230,1620,12774,46152
1102,512494,1817,10330,52609
1103,544734,2042,10942,50825
1104,645033,2184,14693,51335
1105,679086,2381,14121,55108
1106,739366,2974,14244,60277
1107,777904,3068,12820,64054
1108,879656,3452,11721,73270
1109,1102507,4825,11393,88548
1110,2750192,11711,17249,161674
1111,9188104,14725,1223354,156450
1112,46,0,0,0
