variable,familia,auc,auc_abs,direccion
m_repeat_buyer_rate_log,Vendedor,0.622,0.622,+
p_n_items,Par usuario-vendedor,0.6028,0.6028,+
m_n_repeat_buyers,Vendedor,0.5895,0.5895,+
p_n_cats,Par usuario-vendedor,0.5873,0.5873,+
p_actions,Par usuario-vendedor,0.5872,0.5872,+
p_clicks,Par usuario-vendedor,0.5769,0.5769,+
p_first_days_before,Par usuario-vendedor,0.5706,0.5706,+
p_purchase,Par usuario-vendedor,0.57,0.57,+
p_actions_pre,Par usuario-vendedor,0.5657,0.5657,+
p_n_items_bought,Par usuario-vendedor,0.5636,0.5636,+
p_n_days_pre,Par usuario-vendedor,0.5636,0.5636,+
p_n_days,Par usuario-vendedor,0.5636,0.5636,+
p_clicks_pre,Par usuario-vendedor,0.563,0.563,+
p_actions_d11,Par usuario-vendedor,0.5608,0.5608,+
u_purchase,Usuario,0.5605,0.5605,+
p_last_pre_days_before,Par usuario-vendedor,0.5587,0.5587,+
m_purchase,Vendedor,0.5568,0.5568,+
m_actions,Vendedor,0.5558,0.5558,+
m_clicks,Vendedor,0.5557,0.5557,+
p_purchase_rate,Par usuario-vendedor,0.4457,0.5543,−
u_purchase_pre,Usuario,0.5541,0.5541,+
u_n_days,Usuario,0.554,0.554,+
m_purchase_d11,Vendedor,0.5531,0.5531,+
p_d11_share,Par usuario-vendedor,0.4485,0.5515,−
u_n_days_purchase,Usuario,0.5509,0.5509,+
u_actions,Usuario,0.5507,0.5507,+
u_n_items,Usuario,0.5494,0.5494,+
p_has_pre,Par usuario-vendedor,0.5485,0.5485,+
m_favorite,Vendedor,0.5482,0.5482,+
u_n_cats,Usuario,0.5466,0.5466,+
u_clicks,Usuario,0.5465,0.5465,+
m_n_buyers,Vendedor,0.5453,0.5453,+
p_click_rate,Par usuario-vendedor,0.545,0.545,+
m_n_buyers_d11,Vendedor,0.5441,0.5441,+
m_cart,Vendedor,0.5438,0.5438,+
x_share_user_actions,Relación,0.5423,0.5423,+
u_n_merchants_repeat,Usuario,0.5386,0.5386,+
m_n_users,Vendedor,0.5383,0.5383,+
u_repeat_share,Usuario,0.5372,0.5372,+
u_n_merchants_bought,Usuario,0.5357,0.5357,+
m_n_items,Vendedor,0.5334,0.5334,+
m_n_cats,Vendedor,0.529,0.529,+
u_d11_share,Usuario,0.4719,0.5281,−
u_favorite,Usuario,0.5274,0.5274,+
p_favorite,Par usuario-vendedor,0.5259,0.5259,+
u_actions_d11,Usuario,0.5252,0.5252,+
p_favorite_pre,Par usuario-vendedor,0.5232,0.5232,+
age_range,Demográfica,0.5231,0.5231,+
u_n_brands,Usuario,0.522,0.522,+
p_favorite_rate,Par usuario-vendedor,0.5215,0.5215,+
m_conversion,Vendedor,0.5209,0.5209,+
u_n_merchants,Usuario,0.5201,0.5201,+
gender,Demográfica,0.4804,0.5196,−
x_share_user_purchase,Relación,0.4887,0.5113,−
m_purchase_d11_share,Vendedor,0.491,0.509,−
p_n_brands,Par usuario-vendedor,0.5052,0.5052,+
u_cart,Usuario,0.4951,0.5049,−
m_n_brands,Vendedor,0.4971,0.5029,−
x_share_user_merchants_d11,Relación,0.4974,0.5026,−
u_n_merchants_bought_d11,Usuario,0.5026,0.5026,+
p_cart_rate,Par usuario-vendedor,0.4983,0.5017,−
p_cart,Par usuario-vendedor,0.4983,0.5017,−
p_cart_pre,Par usuario-vendedor,0.4991,0.5009,−
u_purchase_rate,Usuario,0.5007,0.5007,+
