rank_test_score,mean_test_score,std_test_score,mean_train_score,mean_fit_time,colsample_bytree,learning_rate,min_child_samples,n_estimators,num_leaves,reg_alpha,reg_lambda,scale_pos_weight,subsample
1,0.69309,0.00122,0.77667,4.22039,0.40304,0.00781,387,1021,42,3.25981,2.24269,1.0,0.60723
2,0.69243,0.00181,0.74667,2.18888,0.93233,0.01852,150,842,8,3.60865,2.35985,3.0,0.79752
3,0.69194,0.00133,0.781,1.50609,0.91596,0.03297,378,366,25,4.74443,9.65632,3.0,0.75417
4,0.69193,0.00132,0.808,2.8519,0.42714,0.01232,257,537,60,2.93376,9.65255,15.35253,0.81708
5,0.69185,0.00157,0.77118,1.75806,0.50909,0.00831,363,221,96,1.45615,6.11853,3.0,0.61867
6,0.6918,0.00197,0.77935,1.39551,0.91971,0.02647,201,330,29,0.28206,7.21999,3.0,0.68494
7,0.69129,0.00161,0.78756,2.72411,0.77398,0.01251,97,702,30,3.34421,6.65922,15.35253,0.85502
8,0.69114,0.00155,0.77317,1.73234,0.82411,0.03774,338,578,12,4.6315,6.51077,15.35253,0.94524
9,0.69059,0.00144,0.82402,4.12457,0.44851,0.01393,450,966,45,1.83892,6.32306,3.0,0.75953
10,0.69047,0.00192,0.78851,3.28159,0.55527,0.03139,51,1221,13,1.03971,5.677,1.0,0.98783
11,0.69044,0.00111,0.84233,5.38815,0.98425,0.00953,495,886,69,0.99837,5.14234,15.35253,0.78671
12,0.69042,0.00149,0.86141,5.99154,0.40958,0.00948,141,1155,78,3.04998,8.33195,3.91823,0.96373
13,0.68977,0.00096,0.85669,4.08019,0.61154,0.01164,247,848,69,1.11054,1.19865,15.35253,0.69765
14,0.68968,0.00138,0.86804,7.19608,0.69634,0.00821,433,1358,74,3.28806,5.68309,15.35253,0.80353
15,0.68946,0.00117,0.85475,7.02897,0.50097,0.00917,282,1336,69,4.85891,9.62447,3.0,0.87852
16,0.68934,0.00066,0.83973,6.70704,0.82736,0.00754,489,1304,66,3.04782,5.02679,3.0,0.61322
17,0.68807,0.00141,0.79232,2.77626,0.50497,0.07614,109,1080,9,4.98127,9.65419,1.0,0.96017
18,0.68662,0.00099,0.82213,1.53299,0.70514,0.06191,456,430,22,3.77776,2.28798,15.35253,0.83955
19,0.68632,0.00266,0.9062,5.63019,0.77986,0.0128,148,1015,87,4.48555,8.87086,15.35253,0.95511
20,0.68413,0.00114,0.89925,6.80412,0.71364,0.01636,91,1091,84,1.0086,8.95764,1.0,0.72574
21,0.68337,0.00121,0.89126,3.39804,0.90263,0.03255,490,672,57,4.62347,8.77339,3.91823,0.69142
22,0.6768,0.00074,0.91491,2.18872,0.91056,0.06692,469,303,91,2.90343,3.72283,1.0,0.8654
23,0.67616,0.00261,0.96058,5.48292,0.60704,0.02903,175,1353,60,2.44726,9.8565,15.35253,0.83708
24,0.67379,0.00145,0.89839,3.57912,0.86508,0.06765,495,1195,21,3.63636,3.26541,3.0,0.67839
25,0.67249,0.00332,0.97947,3.67866,0.48455,0.04623,114,720,95,1.97441,2.93488,3.91823,0.92618
26,0.66805,0.0038,0.98666,6.7625,0.53214,0.03592,196,1371,78,0.87183,6.90938,15.35253,0.8071
27,0.66755,0.00388,0.97183,3.66317,0.81687,0.05743,219,756,69,3.16702,8.71461,15.35253,0.68738
28,0.66517,0.0031,0.98904,6.07118,0.88986,0.04574,250,1347,66,0.93259,0.40775,15.35253,0.73038
29,0.65511,0.00152,0.9967,6.91959,0.64991,0.05788,177,1454,69,0.55026,2.27935,3.0,0.60021
30,0.65379,0.00257,0.99612,6.38144,0.62472,0.06978,156,1295,68,2.98425,4.45833,3.91823,0.62323
