rank_test_score,mean_test_score,std_test_score,mean_train_score,mean_fit_time,max_depth,max_features,max_samples,min_samples_leaf,n_estimators
1,0.69033,0.00216,0.77977,14.17396,,0.2,0.661,167,493
2,0.6903,0.0021,0.76979,14.15599,,0.5,0.37143,140,349
3,0.69022,0.00212,0.81084,10.85232,,0.3,0.52292,84,287
4,0.69006,0.00241,0.76433,17.92433,24,0.5,0.48318,199,374
5,0.69,0.00219,0.79688,14.36735,,0.5,0.31153,68,369
6,0.68998,0.00241,0.79262,5.61176,24,sqrt,0.39172,81,388
7,0.68965,0.00243,0.82278,20.93496,18,0.5,0.55712,73,330
8,0.68962,0.00223,0.82474,16.0483,,0.3,0.64015,82,366
9,0.68923,0.00226,0.78313,16.103,14,0.5,0.79611,170,221
10,0.68887,0.00213,0.75317,3.32268,14,sqrt,0.30798,139,291
11,0.68492,0.00227,0.9427,11.77978,24,0.3,0.605,17,234
12,0.68061,0.00317,0.88095,36.2426,14,0.5,0.7711,23,441
