rank_test_score,mean_test_score,std_test_score,mean_train_score,mean_fit_time,C
1,0.69154,0.00273,0.72382,0.99947,0.00127
2,0.69153,0.00271,0.72389,1.01363,0.00195
3,0.69145,0.00266,0.72394,1.1489,0.00603
4,0.69144,0.00267,0.72394,1.14998,0.00603
5,0.69124,0.00272,0.72382,1.72167,0.07459
6,0.69114,0.00269,0.72387,2.1553,21.42302
7,0.69114,0.00265,0.72385,2.19428,4.57056
8,0.69113,0.00266,0.72388,2.01303,0.98467
9,0.69113,0.00267,0.72389,2.11404,3.47027
10,0.69113,0.0027,0.72385,2.02529,1.01292
11,0.69113,0.00263,0.72385,2.09646,56.6985
12,0.69109,0.00264,0.72386,2.02302,70.72114
