,count,mean,std,min,25%,50%,75%,max,iqr,coef_var
total_actions,260864.0,10.82648813174681,19.817687909613024,1.0,3.0,6.0,12.0,3918.0,9.0,183.0
clicks,260864.0,9.077043976938175,19.03275249497246,0.0,2.0,4.0,10.0,3917.0,8.0,209.7
cart,260864.0,0.023744173209028458,0.21040914217676365,0.0,0.0,0.0,0.0,13.0,0.0,886.2
purchase,260864.0,1.3391844026005888,0.8593118247595064,1.0,1.0,1.0,1.0,10.0,0.0,64.2
favorite,260864.0,0.38651557899901867,1.4255883138330363,0.0,0.0,0.0,0.0,107.0,0.0,368.8
n_items,260864.0,4.380658120706575,7.954853928608339,1.0,1.0,2.0,4.0,603.0,3.0,181.6
n_cats,260864.0,1.880523951177625,1.864071813665308,1.0,1.0,1.0,2.0,33.0,1.0,99.1
n_brands,260864.0,1.1132429158488715,0.4654556204258392,0.0,1.0,1.0,1.0,21.0,0.0,41.8
n_days,260864.0,1.8879761101570167,1.6669402147390355,1.0,1.0,1.0,2.0,56.0,1.0,88.3
