,Regresión Logística,Random Forest,LightGBM,ranking_promedio
m_target_encoding,0.3591,20.3699,19.8708,1.0
p_n_items,0.1485,4.0294,4.43,3.6667
m_n_repeat_buyers,0.2811,2.6938,2.4447,4.6667
p_purchase,0.1277,2.8975,2.8758,5.3333
p_n_cats,0.0706,2.5343,3.0219,9.3333
p_first_days_before,0.0723,2.4447,2.9028,9.6667
m_n_items,-0.0731,2.1631,2.1271,11.0
m_repeat_buyer_rate_log,0.0484,8.9587,7.384,12.3333
u_n_days,0.1909,1.3421,1.4845,14.3333
u_n_merchants,-0.1586,1.1663,1.5676,18.0
m_purchase,-0.075,1.3633,1.3964,18.3333
u_purchase_rate,-0.0424,2.1967,2.0877,19.6667
p_actions,0.0526,1.8137,1.688,19.6667
x_share_user_actions,0.0483,1.7477,1.7176,21.3333
m_clicks,-0.1237,1.3257,1.1426,21.3333
m_favorite,-0.0609,1.4423,1.3462,21.6667
p_n_items_bought,-0.0407,2.0026,1.8213,22.3333
m_n_users,0.064,1.4077,1.2543,22.3333
m_n_cats,-0.0376,1.6009,1.9254,23.6667
u_purchase,0.074,1.1707,1.2286,24.0
u_purchase_pre,0.0488,1.3311,1.4841,24.6667
m_actions,-0.1193,1.2828,0.9018,25.3333
u_n_items,0.0978,1.1914,1.0704,25.6667
m_purchase_d11,-0.0624,1.2936,1.2023,26.0
m_purchase_d11_share,0.0243,1.9693,2.11,26.6667
p_click_rate,-0.0647,0.9677,1.4022,26.6667
u_n_brands,-0.0724,1.1118,1.1819,27.0
m_cart,0.0683,1.1513,1.2073,27.0
m_conversion,0.0125,2.1426,2.2018,27.6667
p_actions_d11,0.0785,0.9798,1.0713,28.0
m_n_buyers_d11,0.046,1.2993,1.1568,31.0
u_actions_d11,-0.0251,1.4271,1.3558,31.6667
u_n_cats,-0.0616,1.0508,1.0196,32.6667
u_d11_share,0.0006,2.1087,1.7657,33.0
u_clicks,-0.0437,1.2276,1.1112,33.6667
p_clicks,-0.0346,1.4264,0.9887,35.0
u_n_days_purchase,0.0462,0.9695,1.1447,35.3333
p_last_pre_days_before,0.0463,0.6881,1.2173,35.3333
u_n_merchants_repeat,0.0658,0.4411,0.6684,39.0
u_actions,-0.0217,1.213,1.0499,42.0
p_purchase_rate,0.0345,0.9323,0.8912,43.3333
m_n_buyers,0.0133,1.2573,0.9578,44.0
p_n_days,0.0516,0.3323,0.566,44.3333
u_repeat_share,0.0007,0.9005,1.3198,46.0
u_favorite,-0.0278,0.755,0.8647,46.3333
p_actions_pre,-0.0425,0.5063,0.4015,47.0
u_n_merchants_bought_d11,-0.0368,0.3955,0.4172,49.0
p_clicks_pre,0.0261,0.5737,0.4494,50.0
p_d11_share,-0.0251,0.5706,0.7049,50.0
p_has_pre,-0.0564,0.069,0.0022,50.6667
x_share_user_purchase,0.007,0.8475,0.8738,51.0
p_cart,-0.0592,0.0015,0.014,51.3333
p_favorite_rate,0.0285,0.228,0.5939,52.0
u_n_merchants_bought,0.0136,0.5808,0.4456,53.3333
p_favorite_pre,-0.0415,0.0516,0.1292,53.6667
p_favorite,0.0287,0.0757,0.1443,55.6667
x_share_user_merchants_d11,-0.023,0.3877,0.259,55.6667
m_n_brands,0.0154,0.3173,0.2843,57.0
u_cart,-0.0258,0.0415,0.1524,57.6667
p_cart_rate,0.0343,0.0026,0.0335,58.0
p_n_days_pre,-0.0022,0.3524,0.3128,59.6667
p_cart_pre,0.0151,0.0005,0.0025,63.3333
p_n_brands,-0.0009,0.0261,0.0646,65.0
age_range,0.0,0.6179,0.7416,
age_range_0,0.0064,0.0,0.0,
age_range_1,-0.0031,0.0,0.0,
age_range_2,-0.1083,0.0,0.0,
age_range_3,-0.0364,0.0,0.0,
age_range_4,0.0112,0.0,0.0,
age_range_5,0.0348,0.0,0.0,
age_range_6,0.0513,0.0,0.0,
age_range_7,0.0149,0.0,0.0,
gender,0.0,0.2323,0.3455,
gender_0,0.0592,0.0,0.0,
gender_1,-0.0096,0.0,0.0,
gender_2,-0.0789,0.0,0.0,
