variable,mediana_no_rec,mediana_rec,U,p_valor,efecto_r_biserial
total_actions,6.0,8.0,2291665995.5,1.6147004800683795e-296,0.17315693011246114
clicks,4.0,6.0,2252379539.0,2.6664824324680946e-232,0.15304528260665573
cart,0.0,0.0,1947244274.5,0.0033604495049573964,-0.0031605304886207497
purchase,1.0,1.0,2226186881.5,0.0,0.13963665424435256
favorite,0.0,0.0,2054790013.5,1.4388679621411503e-59,0.05189462556800528
n_items,2.0,3.0,2349757628.0,0.0,0.2028953830033906
n_cats,1.0,1.0,2291133083.5,0.0,0.17288412010997067
n_brands,1.0,1.0,1972194653.5,2.870943186439364e-05,0.009612146720998638
n_days,1.0,2.0,2197841015.0,2.587774473794133e-191,0.12512574829653267
