user_id,merchant_id,label,age_range,gender,clicks,cart,purchase,favorite,total_actions,n_items,n_cats,n_brands,n_days,click_rate,purchase_rate,cart_rate,favorite_rate
34176,3906,0,6,0,36,0,1,2,39,20,6,1,9,0.9230769230769231,0.02564102564102564,0.0,0.05128205128205128
34176,121,0,6,0,13,0,1,0,14,1,1,1,3,0.9285714285714286,0.07142857142857142,0.0,0.0
34176,4356,1,6,0,12,0,6,0,18,2,1,1,2,0.6666666666666666,0.3333333333333333,0.0,0.0
34176,2217,0,6,0,1,0,1,0,2,1,1,1,1,0.5,0.5,0.0,0.0
230784,4818,0,0,0,7,0,1,0,8,1,1,1,3,0.875,0.125,0.0,0.0
362112,2618,0,4,1,0,0,1,0,1,1,1,1,1,0.0,1.0,0.0,0.0
34944,2051,0,5,0,2,0,1,0,3,2,1,1,1,0.6666666666666666,0.3333333333333333,0.0,0.0
231552,3828,1,5,0,78,0,5,0,83,48,15,1,3,0.9397590361445783,0.060240963855421686,0.0,0.0
231552,2124,0,5,0,6,0,1,0,7,4,1,1,1,0.8571428571428571,0.14285714285714285,0.0,0.0
232320,1168,0,4,1,2,0,1,1,4,1,1,1,2,0.5,0.25,0.0,0.25
232320,4270,0,4,1,13,0,2,7,22,13,7,1,2,0.5909090909090909,0.09090909090909091,0.0,0.3181818181818182
167040,671,0,5,0,3,0,1,0,4,2,2,1,1,0.75,0.25,0.0,0.0
101760,1760,0,0,0,0,0,1,0,1,1,1,1,1,0.0,1.0,0.0,0.0
298368,2981,0,4,0,4,0,1,0,5,2,1,1,3,0.8,0.2,0.0,0.0
36480,4730,0,6,1,2,0,1,0,3,1,1,1,1,0.6666666666666666,0.3333333333333333,0.0,0.0
299136,2935,0,0,0,3,0,1,1,5,1,1,1,2,0.6,0.2,0.0,0.2
37248,2615,0,3,1,2,0,1,0,3,1,1,1,3,0.6666666666666666,0.3333333333333333,0.0,0.0
103296,2482,0,6,0,9,0,2,1,12,6,6,1,2,0.75,0.16666666666666666,0.0,0.08333333333333333
299904,1742,0,6,1,0,0,2,0,2,2,1,1,1,0.0,1.0,0.0,0.0
38016,1028,0,3,0,1,0,1,0,2,1,1,1,1,0.5,0.5,0.0,0.0
234624,2537,0,0,1,2,0,1,0,3,1,1,1,1,0.6666666666666666,0.3333333333333333,0.0,0.0
365952,1203,0,0,1,7,0,1,0,8,4,2,1,2,0.875,0.125,0.0,0.0
104064,3870,0,6,1,16,0,1,1,18,8,1,1,5,0.8888888888888888,0.05555555555555555,0.0,0.05555555555555555
104064,669,0,6,1,32,0,2,3,37,20,3,1,7,0.8648648648648649,0.05405405405405406,0.0,0.08108108108108109
300672,649,0,6,0,6,0,1,0,7,2,1,1,2,0.8571428571428571,0.14285714285714285,0.0,0.0
38784,3623,0,3,0,1,0,1,0,2,1,1,1,1,0.5,0.5,0.0,0.0
38784,3578,0,3,0,1,0,1,0,2,1,1,1,1,0.5,0.5,0.0,0.0
235392,1056,0,4,0,9,0,2,4,15,6,5,1,5,0.6,0.13333333333333333,0.0,0.26666666666666666
301440,684,0,0,0,4,0,1,0,5,3,2,1,2,0.8,0.2,0.0,0.0
39552,3152,0,4,0,5,1,1,0,7,1,1,1,1,0.7142857142857143,0.14285714285714285,0.14285714285714285,0.0
105600,1487,0,6,1,20,0,1,0,21,8,1,1,3,0.9523809523809523,0.047619047619047616,0.0,0.0
302208,4558,0,2,0,1,0,1,0,2,1,1,1,1,0.5,0.5,0.0,0.0
302208,3472,0,2,0,2,0,1,0,3,1,1,1,1,0.6666666666666666,0.3333333333333333,0.0,0.0
40320,4173,0,4,1,0,0,2,0,2,2,2,1,1,0.0,1.0,0.0,0.0
171648,3828,0,3,0,3,0,1,0,4,1,1,1,1,0.75,0.25,0.0,0.0
303744,4871,0,2,0,2,0,1,0,3,1,1,1,1,0.6666666666666666,0.3333333333333333,0.0,0.0
238464,361,0,6,0,2,0,1,0,3,1,1,1,2,0.6666666666666666,0.3333333333333333,0.0,0.0
238464,3152,0,6,0,11,0,1,0,12,4,1,1,4,0.9166666666666666,0.08333333333333333,0.0,0.0
173184,1346,0,3,0,11,0,1,0,12,7,1,1,2,0.9166666666666666,0.08333333333333333,0.0,0.0
173184,3955,0,3,0,8,0,1,0,9,4,1,1,2,0.8888888888888888,0.1111111111111111,0.0,0.0
304512,4793,0,0,1,4,0,1,0,5,2,1,1,1,0.8,0.2,0.0,0.0
42624,946,0,2,0,34,0,7,1,42,14,2,1,2,0.8095238095238095,0.16666666666666666,0.0,0.023809523809523808
173952,3042,0,0,0,10,0,2,0,12,5,3,1,3,0.8333333333333334,0.16666666666666666,0.0,0.0
370560,3152,0,4,0,6,0,1,0,7,1,1,1,1,0.8571428571428571,0.14285714285714285,0.0,0.0
370560,4595,0,4,0,3,0,1,0,4,1,1,2,1,0.75,0.25,0.0,0.0
108672,4760,0,0,1,68,2,4,1,75,23,7,1,2,0.9066666666666666,0.05333333333333334,0.02666666666666667,0.013333333333333334
305280,630,0,3,0,15,0,2,3,20,4,4,1,3,0.75,0.1,0.0,0.15
240000,2278,0,3,0,1,0,1,0,2,1,1,1,1,0.5,0.5,0.0,0.0
371328,234,0,2,0,3,0,1,1,5,1,1,1,2,0.6,0.2,0.0,0.2
306048,2579,0,2,0,12,0,1,2,15,7,3,1,3,0.8,0.06666666666666667,0.0,0.13333333333333333
44160,1272,0,4,0,16,0,1,3,20,6,2,1,5,0.8,0.05,0.0,0.15
240768,614,0,2,0,2,0,2,0,4,1,1,1,1,0.5,0.5,0.0,0.0
110208,433,0,2,0,0,0,1,0,1,1,1,1,1,0.0,1.0,0.0,0.0
306816,1489,1,6,1,1,0,1,0,2,1,1,1,1,0.5,0.5,0.0,0.0
306816,941,0,6,1,3,0,1,0,4,1,1,2,1,0.75,0.25,0.0,0.0
241536,2766,0,4,0,4,0,1,0,5,1,1,1,1,0.8,0.2,0.0,0.0
241536,1492,0,4,0,18,0,1,1,20,5,5,1,5,0.9,0.05,0.0,0.05
176256,3323,1,4,1,2,0,1,0,3,1,1,1,1,0.6666666666666666,0.3333333333333333,0.0,0.0
110976,159,0,5,0,2,0,1,0,3,1,1,2,1,0.6666666666666666,0.3333333333333333,0.0,0.0
307584,1340,1,0,1,1,0,2,0,3,3,2,1,1,0.3333333333333333,0.6666666666666666,0.0,0.0
307584,1653,0,0,1,0,0,1,0,1,1,1,1,1,0.0,1.0,0.0,0.0
307584,4173,0,0,1,11,0,4,0,15,13,8,1,2,0.7333333333333333,0.26666666666666666,0.0,0.0
177024,794,0,4,0,31,0,1,0,32,14,2,1,3,0.96875,0.03125,0.0,0.0
111744,3828,0,0,0,121,0,1,15,137,53,13,1,11,0.8832116788321168,0.0072992700729927005,0.0,0.10948905109489052
308352,152,0,2,0,6,0,2,0,8,2,2,1,2,0.75,0.25,0.0,0.0
243072,4687,0,6,1,12,0,1,0,13,4,1,1,1,0.9230769230769231,0.07692307692307693,0.0,0.0
243072,3826,0,6,1,30,0,2,0,32,3,2,2,2,0.9375,0.0625,0.0,0.0
177792,951,0,0,1,10,0,1,0,11,4,1,1,2,0.9090909090909091,0.09090909090909091,0.0,0.0
374400,302,0,5,1,24,0,5,0,29,17,1,1,1,0.8275862068965517,0.1724137931034483,0.0,0.0
309120,4775,1,2,0,7,0,1,0,8,1,1,1,3,0.875,0.125,0.0,0.0
47232,191,0,2,0,10,0,1,0,11,9,5,1,1,0.9090909090909091,0.09090909090909091,0.0,0.0
375168,606,0,3,0,5,0,1,1,7,3,2,1,3,0.7142857142857143,0.14285714285714285,0.0,0.14285714285714285
48000,1102,0,2,0,4,0,1,0,5,1,1,1,2,0.8,0.2,0.0,0.0
244608,2105,0,0,0,5,0,1,0,6,1,1,1,1,0.8333333333333334,0.16666666666666666,0.0,0.0
179328,1679,0,4,0,14,0,1,0,15,7,3,1,1,0.9333333333333333,0.06666666666666667,0.0,0.0
375936,3954,0,3,0,5,0,1,0,6,1,1,2,2,0.8333333333333334,0.16666666666666666,0.0,0.0
310656,4829,0,3,1,1,0,1,0,2,1,1,1,1,0.5,0.5,0.0,0.0
48768,3630,0,5,0,13,0,1,0,14,7,1,1,2,0.9285714285714286,0.07142857142857142,0.0,0.0
180096,3319,0,0,1,0,0,1,0,1,1,1,1,1,0.0,1.0,0.0,0.0
311424,1703,0,5,0,2,0,1,0,3,1,1,1,2,0.6666666666666666,0.3333333333333333,0.0,0.0
246144,3862,0,5,1,0,0,1,0,1,1,1,1,1,0.0,1.0,0.0,0.0
180864,783,0,2,0,0,0,1,0,1,1,1,1,1,0.0,1.0,0.0,0.0
377472,4968,0,6,0,1,0,1,0,2,1,1,1,1,0.5,0.5,0.0,0.0
115584,1970,0,0,0,12,0,2,0,14,5,3,4,1,0.8571428571428571,0.14285714285714285,0.0,0.0
181632,1423,0,3,0,8,0,1,0,9,3,1,1,2,0.8888888888888888,0.1111111111111111,0.0,0.0
378240,1861,0,2,1,1,0,2,0,3,1,1,1,1,0.3333333333333333,0.6666666666666666,0.0,0.0
116352,4864,0,0,0,1,0,1,0,2,1,1,1,1,0.5,0.5,0.0,0.0
312960,2537,0,6,1,0,0,1,0,1,1,1,1,1,0.0,1.0,0.0,0.0
312960,4454,0,6,1,3,0,1,0,4,1,1,1,1,0.75,0.25,0.0,0.0
247680,3990,1,0,0,3,0,1,0,4,1,1,1,2,0.75,0.25,0.0,0.0
182400,3938,1,2,0,0,0,1,0,1,1,1,1,1,0.0,1.0,0.0,0.0
379008,2081,0,0,0,1,0,1,0,2,1,1,2,2,0.5,0.5,0.0,0.0
117120,3826,0,3,1,5,0,1,0,6,1,1,1,1,0.8333333333333334,0.16666666666666666,0.0,0.0
313728,3734,0,4,0,4,0,1,0,5,1,1,1,1,0.8,0.2,0.0,0.0
313728,1093,0,4,0,1,0,1,0,2,1,1,1,1,0.5,0.5,0.0,0.0
313728,2971,0,4,0,4,0,1,0,5,1,1,1,1,0.8,0.2,0.0,0.0
313728,2592,0,4,0,3,0,1,0,4,1,1,1,1,0.75,0.25,0.0,0.0
183168,4985,0,5,0,0,0,1,0,1,1,1,1,1,0.0,1.0,0.0,0.0
379776,3134,0,3,0,2,0,1,0,3,1,1,1,1,0.6666666666666666,0.3333333333333333,0.0,0.0
52608,1760,0,2,0,14,0,1,0,15,6,1,1,4,0.9333333333333333,0.06666666666666667,0.0,0.0
